personId,movieId
2293,189
2294,189
15218,118340
59521,225574
51851,225886
52139,188161
11181,137094
293911,136797
63052,208869
13015,227156
52934,195589
129894,124905
119953,262543
17884,244566
20310,82657
11694,137113
57370,232672
1032536,102651
107446,64688
155267,64688
6431,86834
143059,138103
107446,64688
155267,64688
210053,218836
20907,156022
1053420,222935
69797,82702
5714,172385
9032,127585
36425,192102
19272,100402
19271,100402
107446,187017
155267,187017
7467,210577
1187819,209244
224,157851
20400,184098
81613,241254
937340,249660
78914,53182
107446,137106
155267,137106
170820,226486
124695,272692
82351,262338
114334,157845
17329,157350
865,91314
87742,102382
53120,238636
2176,264656
59,240832
2199,169917
1167470,49017
559,157353
1179066,198663
1110102,184345
26205,145220
66739,98566
19769,144336
32278,119450
15774,109445
1120694,109445
69797,10191
66193,10191
84981,256092
108,57158
45117,198277
18898,82703
52576,97020
56998,42194
87742,1930
280,157834
50767,198185
11151,193610
47005,76338
1032,106646
12891,24428
26714,250546
1290265,254191
5655,120467
108,49051
58189,82992
4945,1771
928490,254473
79279,242310
10943,101299
8858,200505
28239,87421
21684,110415
204553,242643
105643,242643
16919,215211
29605,107846
36797,37821
111736,151960
80672,175112
4014,76649
18355,173210
8029,175574
138,68718
16938,188207
1108,68721
29406,276690
2293,187
2294,187
7399,116745
23227,210479
13079,80274
1461,152760
11218,49047
11181,10195
21370,254904
59291,149509
72757,76203
15217,49521
525,49026
3289,2105
3288,2105
56960,192149
564,85350
81256,209249
36602,193756
12995,72190
57082,212231
137427,181886
2710,19995
15344,54138
1199049,172391
125324,242095
5367,231576
57035,230222
578,70981
27005,285423
5524,808
12058,808
55075,59859
12095,109451
1046494,109451
165787,82690
239571,64686
17883,168672
1174236,268508
561061,77951
525,27205
68843,71552
68844,71552
1046127,283384
36425,534
100388,70706
24045,138697
10828,68726
13426,64807
86270,75612
39,37724
15277,10138
525,155
9306,143049
51534,210908
49281,210908
5714,46195
32593,187596
488,330
2460,236751
5953,152601
69371,152532
1262197,227783
1101410,238603
80923,52520
80924,52520
25598,109424
54507,72559
4945,331
1704,22
5174,41154
2710,218
124747,93456
124748,93456
12786,76163
108,120
42,249397
76927,60304
5501,204082
12028,47964
578,348
138,16869
18863,80321
18864,80321
12080,80321
128712,86331
7213,296
82194,68724
225976,62211
1375201,146239
126638,62177
137262,62177
59803,62177
206476,196024
108,122
16483,27578
15277,1726
66728,97370
488,329
15780,59981
138,680
99496,243935
65594,157832
64139,115782
5713,425
5714,425
186371,166076
15002,146216
17633,1865
525,272
1193597,205601
4429,152603
5575,137321
2836,133805
71729,57800
229962,57800
36602,44833
6201,64682
1614,87827
54597,8275
18865,75656
75035,82675
930707,135397
880,68734
47005,87101
54050,203739
82226,242090
6159,96721
578,109091
7832,118289
74752,88273
228708,146381
23968,152790
190,209451
9339,603
9340,603
15277,212778
865,38356
235820,235260
58021,9453
1241,214030
52139,72105
67813,136400
18596,119283
59328,193612
5714,8355
239574,211954
26971,8277
556172,152747
551463,157547
1215,77931
15344,13475
7467,550
55710,109443
2710,679
957,23483
7467,807
1704,57201
12890,14160
10,14160
578,98
10702,36557
77357,61791
12891,99861
865,8373
4027,278
3950,277
7623,557
21475,26123
47333,152737
1,11
225142,262391
10965,671
23799,2312
2127,138843
366,76170
108,121
1179590,199373
137427,146233
3055,209276
9033,75780
7623,559
64194,209274
1090,562
126945,203833
488,857
6046,117251
6046,14161
1281344,245859
11614,82700
2917,3035
19274,109414
54734,109414
525,1124
83730,38543
84425,77338
84426,77338
120245,155084
3950,1571
59026,1588
20400,181330
172,158914
5714,950
1704,58
54248,227348
14614,11101
488,85
94075,77950
7409,2770
15812,8587
18898,8587
35453,8681
3964,12437
9168,11615
142013,180299
10930,1891
5306,112949
64141,157847
121830,38757
76595,38757
1,1895
105643,217993
66739,57165
116805,136795
228134,58595
71267,49519
66193,49519
69987,185567
64151,10192
1224425,177494
939123,174316
7467,37799
71901,78383
54590,8274
1204338,205724
1211000,225565
67367,59967
20173,209185
15217,1271
2710,280
7,12
8,12
54040,140823
1032,1422
7396,8467
7395,8467
11343,12444
53935,169209
1707,100241
71570,192136
608,129
39,25
60243,9902
11614,10196
608,128
932088,85446
23799,80410
7,10681
1,1893
1704,285
18865,18823
109857,76285
56578,208134
2710,597
2294,106747
455,192145
474199,74523
62047,10020
62048,10020
42,258216
21085,2048
20561,152599
7879,920
7911,920
1041418,209247
19769,228150
17883,82693
18863,10527
18864,10527
15217,13183
18863,953
18864,953
9339,604
9340,604
17825,39254
19866,190955
76965,85889
7087,56292
7018,122906
29922,9373
9339,605
9340,605
63571,14756
57130,109439
19850,8966
17825,116741
21981,123553
12098,810
12099,810
956,10528
22214,180296
58897,77174
154705,77174
5524,809
12079,809
12080,809
17494,109418
35270,230896
1266051,230896
1776,238
126882,71672
12962,137093
57633,138832
19242,49040
23964,70160
3950,64635
18864,38055
7879,862
84335,13186
865,95
126882,125509
9032,81005
5174,607
7087,9806
124747,20352
124748,20352
71253,12105
1215,41513
18865,1724
15557,50619
80602,16186
69416,11430
15277,49849
8193,37710
56578,273641
8392,141043
1278722,243683
7879,49013
32532,49013
9339,83542
9340,83542
1071,83542
59998,199534
97942,127560
60046,259018
2209,1996
3950,834
7,49529
20400,168530
144221,146238
41549,242042
85822,248504
34682,209406
10943,561
930710,157386
11343,12445
32278,7191
51894,80278
2228,5915
24,13
543568,76640
86270,20526
510,12155
1150,117
12962,27022
151007,81188
2034,627
21981,38575
85822,205321
139818,204668
56578,9012
488,644
27571,24021
12995,10764
69416,13179
1152981,170687
52691,170687
130051,255268
36425,59962
865,1858
7775,564
116357,22894
54507,41233
19800,1892
2419,8078
6046,602
29214,9762
80602,16781
15810,812
15811,812
7791,240916
11090,107985
146439,220289
5713,116711
909318,252680
844266,252680
5281,87516
7256,36669
70500,82695
488,839
53304,7443
7314,7443
865,1635
65734,193893
84335,74461
56411,50646
56412,50646
59,101
15175,9552
80602,51017
15344,956
1,1894
11343,767
76100,202575
1577,141
11694,2501
21183,64690
210053,75258
80672,75258
11694,787
17329,51876
280,63
74863,76589
44113,5559
44114,5559
17825,1593
2239,409
70100,269650
12962,6637
138,500
16938,1573
66739,44943
10723,674
488,57212
56578,16290
7623,68728
956,58574
488,74
4014,1576
66739,10781
8685,49530
56852,11238
1090,106
91268,19908
7775,14869
5231,652
17825,18360
15557,50620
608,4935
61952,10009
61949,10009
97026,76617
138,24
240,600
20019,132363
86255,174772
36425,4327
57270,49524
87082,244509
1884,119675
14392,97630
56661,82654
139966,27866
4135,87496
9855,646
20193,71676
20192,71676
53304,72197
565297,72197
77123,215830
23227,136418
1704,44896
8858,620
578,78
55499,82507
24,105
29009,10184
1150,954
83730,258251
23430,72331
1090,1572
578,4982
70100,114478
24,8358
83281,171372
510,62213
52779,113833
71872,103731
65167,164457
11266,752
225706,209504
25598,2502
488,89
12786,1995
11218,673
129718,226857
98631,83899
880,23168
1046142,109417
37932,9654
10702,44912
139851,15969
34480,15969
56852,15969
5174,608
488,87
11401,955
1211216,174675
98103,146015
57130,18785
124748,73723
8023,73723
510,268
4385,429
57741,9502
57742,9502
168667,114150
20907,117263
865,134374
20400,9738
8,585
197,585
12890,585
58829,9732
53120,158015
23430,8909
488,424
488,601
6767,76493
72024,4258
28239,2787
3506,2787
8685,72710
10702,710
1224,44264
1223,44264
7467,1949
67753,10999
2127,91586
10808,8698
366,37834
12962,2059
21183,77987
71068,11631
20193,15092
20192,15092
8,10193
108,254
893,7551
11091,184315
10943,6479
510,118
10965,672
28239,2789
6431,44214
280,762
10707,762
17597,1562
11343,675
222470,55465
70238,13053
76595,13053
488,11519
76422,134411
57082,256474
54507,8328
240,694
64864,10882
578,855
488,217
7879,863
19499,1273
2034,12405
18878,1735
36602,8960
20400,1979
9181,1372
9032,2253
34849,4133
608,81
4385,335
223,470
1032,3131
23677,2300
5524,2454
87742,19913
109692,175528
77269,146223
185438,76492
814,73
608,8392
54472,86838
125738,59961
7087,2062
15811,11970
15810,11970
53333,82633
10707,583
23532,209403
4762,334
59,112205
488,180
70100,192577
893,44048
80602,103370
16483,7555
57214,110552
1223,275
1224,275
190,33
54584,8273
17649,1577
19311,84892
10828,11253
3974,510
9556,139567
240,185
51984,10647
7467,8077
65314,152742
59,42949
1243,160588
74950,133121
488,17578
60707,115283
558177,227707
51918,122081
5216,489
1032,11324
3288,18239
98389,224815
3893,36648
893,744
5345,60308
2461,197
1277050,242076
2034,170
92436,227359
956,107
19346,102362
10099,670
865,676
56578,65851
17812,8090
4956,1278
4499,310
24,196
16544,1368
7467,4922
1884,161
8858,2978
54040,22881
3556,11439
15217,23629
37710,238589
126882,23823
62941,122857
10491,5548
5655,83666
139098,97367
25598,2503
366,5176
75035,62835
488,640
57270,39514
54796,256731
66191,51052
208113,51052
1884,77930
18865,4108
35452,4108
7467,2649
136495,244786
9855,657
119406,55846
57130,45243
36425,9471
52842,7453
4027,497
1223,115
138,393
52405,97434
1140271,41602
510,869
132876,72545
1723,70074
6159,453
23799,184125
76927,241842
638,1538
488,578
80602,16710
62047,10865
62048,10865
3026,2493
18308,1498
6159,591
1884,163
578,12113
2419,194
4762,4995
47506,22970
107446,22794
155267,22794
56539,209263
10965,32657
223,1164
64864,12230
11429,12230
57314,12230
488,72976
1776,6114
43141,49049
9181,616
488,11352
52443,130150
59291,43593
2710,2756
559968,74510
20739,10202
9200,617
57035,50135
66942,50135
508,49526
59,26505
62047,13394
42712,5289
24,165
55710,27581
11401,754
18878,9799
35453,26389
7256,11679
82839,127517
39996,389
33433,77877
7791,9486
4453,103663
41039,4964
10808,36647
1113116,132232
10930,36670
10781,10140
2034,1272
36797,115348
6046,435
15810,10144
15811,10144
82194,17654
54025,8202
6046,7840
24,87502
1776,242
209879,210047
7879,9487
7,9487
16378,1359
36697,1265
236539,156700
6384,76544
81476,68812
1032,769
56512,37958
25598,22972
7467,65754
18898,1729
5140,377
37710,4437
113500,169881
1776,240
9855,660
16837,9480
62658,19824
16785,1248
240,62
82511,50544
7395,11543
7396,11543
1040707,119698
1243,59436
4014,10483
2294,1428
1884,39538
40223,75174
58375,88042
49903,50359
2239,1213
455,1640
69416,44683
69500,11455
142312,49444
1614,1927
11694,8247
36797,8065
10491,861
638,9361
69593,61012
1032,44826
57314,9325
116357,145135
5281,1429
20307,70667
20308,70667
172,27
1152,1966
80602,15670
41039,6957
113500,106021
226089,107811
52114,107811
8876,5689
11505,2108
59,9992
5524,411
55710,8699
3289,24418
41039,89492
11091,5174
13015,27576
10051,30497
84851,19585
6431,1381
9622,88751
1884,298
3227,222899
4499,3049
1011,126250
56383,157823
33279,9482
16589,1370
7775,1734
59,18
15344,37686
2034,44115
12098,58423
328692,85872
19665,11586
1174090,192538
1032,2567
57370,9339
68573,11452
1921,38050
17883,45317
117052,16866
968303,16866
1158156,16866
81850,45612
2294,12279
4037,10158
91268,82682
608,10515
34453,11358
90429,75674
293911,75674
141883,127846
115033,172803
56205,152792
40256,13027
20218,1954
20219,1954
280,68
1284493,249164
138557,157424
1769,96936
10076,691
74655,188166
934803,76726
4945,7978
9032,629
10723,9543
59649,1497
66121,41283
1224,4944
1223,4944
15217,924
24,17979
2675,663
42745,42297
64864,11224
11434,11224
11429,11224
1098477,68179
11401,12100
1776,28
66190,10674
66191,10674
19769,77016
49903,6477
56501,19901
56502,19901
201,38
11091,5175
10076,667
17520,206408
2294,23631
61847,23631
26713,854
10828,1417
45052,157849
24,2310
3224,205220
11151,11036
57193,13600
201,40805
240,345
769,90
12987,37136
510,162
664,9036
1614,4588
1884,70435
2127,49018
71551,88005
16566,1369
72205,72890
72206,72890
1088647,129139
29605,3021
27571,4513
54733,39513
455,43539
42994,9522
20739,10229
16566,11969
82724,61979
20193,18501
20192,18501
7312,11451
11447,20504
11448,20504
13015,9481
65630,15512
12080,15512
578,20662
1071,1427
1152,2604
529806,251519
5306,392
30715,8741
63306,65086
52479,46838
52244,58244
64864,10693
11434,10693
65677,167032
65629,77459
63208,13612
71923,12244
14392,12162
1114,34480
6037,42684
6038,42684
75035,13387
57646,14836
82724,109689
67717,74643
1083453,126963
19346,15472
11614,2675
61175,11565
20629,9836
58063,9836
59767,9836
11091,2109
74297,11135
65530,11135
510,4011
12786,1701
11218,9693
21370,9348
15810,10198
15811,10198
3556,423
81856,60599
21370,8848
17871,5966
57581,9392
67813,77866
1144604,169813
13927,7299
16837,1250
2163,109491
1884,109421
65314,10867
6201,454
10702,1656
58498,9679
47786,44982
4109,289
17825,12096
17268,11932
10781,36643
229604,194101
19271,1819
19272,1819
4275,102207
10828,1487
37618,64689
2690,8619
64796,10585
24,686
20646,1402
1074721,121734
11448,98357
97555,156717
190,44603
9915,253
54050,10625
3289,144340
10491,563
10001,665
510,3933
34891,3933
4723,109410
57581,23759
10179,700
2291,186
190,3580
18596,1813
7865,73499
8029,20533
510,2668
3227,23048
10828,36586
4499,9327
54559,28355
9868,668
1927,164
17812,6145
10179,699
880,4771
40256,46529
31024,23398
280,1878
8246,380
18281,1493
26205,64328
10855,71469
578,1495
1614,146
1414,83389
12524,8836
39,14
44740,192134
10179,709
9158,634
55299,14574
1724,714
40256,8271
28976,11187
64141,113148
54733,8363
10765,8814
510,62214
11091,10589
57130,11635
57646,9479
190,13223
9577,642
9181,13813
10491,402
7017,87504
21647,2334
14639,957
936154,81796
19665,10669
2127,11835
510,587
8684,60747
3026,639
16938,11026
66777,10784
52609,29427
1150,111
5656,121986
1769,153
21475,134371
51996,83686
929917,83686
6737,818
566328,72570
4385,311
15344,140607
6482,59965
18865,9335
64864,12092
11434,12092
11429,12092
8500,3114
225693,57214
7213,19959
5306,28178
6037,440
6038,440
13426,1824
893,9798
116357,38321
136141,46429
893,96
58552,16996
41671,34851
523789,75736
71600,51540
229931,60243
29214,6557
74872,13641
11090,22538
16938,11412
11181,11971
4723,9476
64575,99770
26648,2636
70250,11690
2209,1637
6046,2024
1090,1669
97555,151933
865,9737
64796,11797
564,132344
74396,13310
21085,13811
114597,54054
102634,9264
999760,93828
5877,37707
57370,87826
62941,28510
13426,11665
16513,8856
57314,11886
77003,59440
2523,11808
5281,388
12995,866
17633,1904
11090,747
36588,50456
4499,2698
8557,89455
510,364
1152,82525
8858,41630
5917,127521
15557,162903
68843,13335
68844,13335
58829,12242
71849,12242
54040,10733
13426,12107
57314,9078
2150,22804
2675,215
27226,47327
865,9802
52112,10808
76418,1499
129894,43933
57214,9316
29922,37430
2662,1585
10702,12201
2419,157841
10179,707
41671,193613
52870,7518
52845,7518
76325,24253
5953,16523
12079,45772
7775,7131
64141,10189
197,35
48583,111190
11770,948
11649,786
87055,79218
20031,23437
57446,42188
4586,314
229002,178809
21085,9495
5446,3170
5690,3170
5691,3170
150003,3170
11427,3170
11428,3170
160942,3170
3290,71864
9577,9277
8858,4474
65630,38745
18878,94348
5655,421
932248,109428
10965,2277
20192,1948
20193,1948
2388,199
3288,2268
2294,755
54472,8321
21647,2335
2042,169
7256,62630
13235,129670
323,65
14520,5925
5572,70578
93214,55779
97555,260063
40223,7516
52443,22947
1223,86829
1224,86829
54525,8329
54526,8329
893,18487
7017,509
88039,43947
57962,10032
10076,698
468,8055
1744,152
15148,1844
18878,7451
2406,9381
82511,37735
33183,11619
58897,11619
138,184
2690,37165
55789,50014
4014,395
7623,765
90591,23827
11151,7457
16848,24150
56735,9030
56736,9030
1152,792
20907,9477
5834,433
12238,826
1110102,139038
6159,568
36797,20943
13284,872
13294,872
12988,865
508,1586
224,2252
4610,306
6046,2164
53334,69668
2679,11917
40277,112200
8296,588
5231,9772
15218,45132
17597,63207
8858,9397
26713,9334
2636,539
20907,7485
57270,24420
638,949
12028,8007
9915,682
9915,658
12114,11778
130837,119431
5602,841
17350,162215
1138699,157370
57082,11968
26648,9360
12698,850
7187,942
51851,52449
525,77
11505,9377
11266,70436
13265,871
33315,9754
88967,38408
21370,74998
19303,23742
37932,22803
488,879
20907,9567
525,320
17496,97365
20907,2034
64864,10340
11434,10340
11429,10340
40243,4951
52443,7326
16513,1885
14639,3034
1163471,180948
8876,621
5953,492
12987,37137
36602,4349
1176,51828
1614,142
56891,11284
80602,26367
569196,73456
3045,10601
21647,2332
14995,11825
24,9326
52934,9870
57193,9297
232959,284427
11426,11360
57633,9472
107490,31011
234824,220286
7623,16871
190,88794
97555,51620
6818,11699
84714,25376
6046,929
4014,9312
608,16859
2163,6023
11091,9533
1024441,156597
58189,51497
11401,9620
5216,133694
67604,10948
67607,10948
107274,10948
57370,38317
5231,6950
5140,4232
28904,9336
52358,10637
16848,2082
90367,69735
74863,69735
20133,41436
957,2270
54025,19994
36588,4347
4275,2899
3115,437
40345,12144
18897,9056
18897,98567
56578,12094
17350,49494
4762,68722
144476,51739
44056,5550
53333,20766
11614,745
2127,176
20907,26390
77123,50357
12891,16320
40,15
68457,11176
578,9740
17835,23082
956,13809
488,594
52038,7214
12786,127493
23945,2330
3146,239
18356,11674
1215,9714
5174,2907
57607,11770
12964,9749
21712,11560
121873,39013
16513,1366
150,97430
4818,637
69593,32985
239672,137182
42,16
1223,6977
1224,6977
6159,11499
11090,4638
4610,8469
1243,703
161932,147773
105648,147773
57314,10112
65530,10530
65531,10530
18865,10027
12987,4257
57727,9461
65190,10431
58712,9825
564,1584
1152,820
5655,10315
2127,168259
12989,5503
11091,5994
65602,10546
20739,80585
57922,11587
111736,25475
92436,118683
7270,2291
61921,146227
7187,2207
1201,9880
26713,10072
9168,12104
8300,9804
1269,9804
61069,22327
58189,13804
75699,39781
16391,4688
72757,76025
55499,10200
7623,558
22676,77883
10099,86825
876,7220
17016,628
15175,73567
190,22954
56661,40807
58498,23047
2034,68727
72344,49527
39853,12208
70308,12208
6593,12208
47792,12208
8514,12208
3556,10497
50767,58151
3146,599
1524,137
1744,15121
8686,112336
43141,7461
15115,97614
6046,61891
55710,12133
488,612
39,4147
40345,11497
12881,11497
69605,11497
26473,121824
7018,508
12786,27582
2690,207
638,11322
3026,7350
893,9509
58498,9705
19305,11982
4385,391
47640,9257
12840,11009
8029,12222
71729,12222
20739,2976
61970,10010
52194,9064
37948,158011
11614,9741
88039,207768
865,8961
6159,8871
4489,9273
592493,152748
24,2655
323,82684
10781,82684
6159,13448
8685,782
3974,1630
36588,96724
1150,7340
7256,1738
13265,11202
57130,41733
18898,10996
17825,12090
41285,5123
1152,1852
48965,11569
31211,9003
93419,124459
19303,1832
20907,11702
8246,819
54507,54518
56710,58233
14773,10734
62854,80035
2636,567
78173,15370
20646,77875
11770,6978
21692,2114
21693,2114
16837,77663
10179,708
53177,72358
6737,816
11770,1091
240,935
4014,52451
589402,80389
20310,11838
58498,10909
54525,10664
54526,10664
59291,13515
6431,12163
380,1247
1776,592
1201,11130
5174,8487
17329,1491
12936,813
12987,813
3415,813
15217,41216
52112,10471
113273,159095
323,2118
5342,10395
28239,211449
529184,171540
529185,171540
142013,94329
84714,153158
4746,87825
19840,1933
15775,15789
2150,41439
8300,8367
42994,49520
31024,3050
9108,1687
56359,13056
32593,87818
9281,87818
52112,87818
153882,87818
938681,87818
2171,87818
7396,87818
938682,87818
15218,87818
59410,87818
11091,87818
64151,55301
16483,1371
78562,23706
10965,772
3224,1165
47640,5820
20629,9355
57433,9355
224,48231
2388,200
12989,12123
5602,1955
143079,49950
11649,1903
66512,11852
1614,4584
15774,37135
15775,37135
20629,9659
8844,6171
7623,764
56717,9029
2461,1579
5572,37094
11777,2670
59126,48340
11770,8337
31511,10313
893,8963
64508,11411
12804,849
8966,23514
1176,24684
12840,2605
35896,37645
58375,13680
15148,9341
66212,10679
57214,8982
95320,75638
1461,10316
74619,87428
71792,12233
323,11931
8482,595
5691,756
5690,756
11427,756
11428,756
11429,756
11430,756
11431,756
11432,756
11433,756
11434,756
11426,756
51023,21407
108,7980
138,1991
190,70
1299058,258193
10921,3112
101377,13282
5306,81025
5602,1018
216366,174682
7187,944
9660,647
9661,647
16938,9350
4945,8844
7623,766
62047,10545
62048,10545
59521,48138
105643,183011
18357,8920
2636,426
7399,7446
5065,209361
7395,9038
7396,9038
1263877,227700
14639,8005
11429,10895
11426,10895
1723,11595
17494,38365
74943,33273
3026,235
7775,179826
61290,13690
74948,13690
25453,2486
142272,72571
142276,72571
40345,7450
1099626,172631
564,3509
14875,990
70500,45269
94220,25769
94222,25769
9248,24803
76927,14451
29922,13207
6201,6972
5501,12103
17087,1777
20400,11045
70777,11638
21085,2666
2406,406
8636,6844
638,9008
9049,630
14674,630
9054,630
29962,630
10586,9531
1269,581
33485,1406
2087,9626
7187,1924
92733,24238
9915,681
2294,1992
176246,8766
61411,11688
141450,1281
6159,921
769,297
1223,378
1224,378
42,17609
3415,251
5342,2288
29214,82687
77147,44040
5026,11878
84124,72359
12989,4643
46076,6877
21370,10083
956,10851
5342,6538
74924,77948
114404,31867
41530,116613
17494,10661
2419,902
13680,902
11151,10024
65855,10567
65856,10567
37948,4553
17167,8488
74730,145247
42,62215
31119,34813
105643,123025
440763,13002
54597,9893
5065,350
86482,82505
7395,9889
7396,9889
64815,10314
18281,11520
648,11850
58453,9671
57130,9384
3289,39451
54733,133790
1032,103
116805,55721
3347,201086
81297,249021
6737,693
59611,86597
74396,49517
543568,49797
33183,82650
19850,49730
510,13885
4027,5876
13581,11888
45916,15167
6737,77953
61373,10982
61371,10982
61372,10982
8246,801
5602,638
7017,38357
12453,844
4755,9759
71600,109431
141688,49021
15277,6795
74950,13648
81850,17431
1243,81836
8296,6312
1150,6075
24,5255
2209,664
15810,9016
15811,9016
45052,27579
1884,11323
32278,41402
23964,2657
66074,10665
71570,12184
77965,70670
61411,9982
13927,9920
488,840
8843,619
62020,10014
41041,26466
6495,121677
3224,243
2291,13455
13581,11806
17633,1574
62514,14442
64045,11283
57134,10796
52358,72387
64722,10281
39138,9317
17167,8676
97555,78049
5065,14306
57370,10204
52961,7735
11505,2609
5306,22971
69003,11319
57314,11319
67607,11319
4610,1621
20629,8810
12995,1365
57199,63492
240,967
5446,408
17633,10197
17016,102780
21377,10216
5140,11596
5140,12262
1215,14405
52934,72207
6767,496
54526,80280
175463,69798
18184,1620
16590,9399
91268,62206
154521,174321
9198,12159
11809,10307
139098,46705
10702,11678
142272,82990
142276,82990
56453,8975
5572,414
13581,11637
64151,11459
2406,4970
7727,10304
4586,9597
6159,11374
24657,6003
13015,9331
17268,7549
57639,9474
33485,9362
10491,10802
84061,38117
17825,35056
8300,11362
1152,33909
17812,1592
9049,770
14674,770
10790,770
18844,1934
5216,10139
7908,11371
2636,521
4610,525
190,322
78108,25602
608,12429
366,69
15045,9021
18844,1722
9248,9489
41549,9100
3556,72113
2460,10590
280,4442
80691,14175
58040,9569
1368144,286554
228,12690
26481,25195
53334,7445
1146,84165
68,832
5953,2757
2294,9488
70573,11817
1090,1911
37932,10634
1224,11934
1223,11934
3026,881
1201,62838
4956,1643
4762,7345
70651,11836
5572,1817
65629,10555
12058,10555
65630,10555
6737,817
8858,11566
15287,9701
15175,10479
56578,14158
1035,12700
12028,13051
1927,936
12840,860
63937,13995
13859,11449
65678,11186
893,9923
190,1251
30149,191903
5065,191903
31,191903
33317,191903
1223995,191903
23968,191903
33316,191903
33315,191903
1201,4806
13426,36593
893,319
11649,9390
65677,11249
3028,3432
1238965,233063
1090,10782
1724,8452
168330,113947
57130,9285
11887,8839
95320,26388
510,522
103150,53172
55075,8456
2176,8053
38007,24402
190,5551
7256,2043
2053,12149
30365,11780
190,3683
11770,8769
58712,9725
8858,9493
80261,16307
7395,76489
7396,76489
10965,788
999812,93856
19303,10358
17046,10521
227438,51162
227439,51162
66218,10488
66219,10488
69339,60935
33341,11442
26713,9268
56512,8843
56512,62764
105643,142061
1223,134
1224,134
52443,57157
5174,2758
380,1607
96676,26963
96677,26963
34517,9473
17812,9411
5140,41446
1011158,2026
49903,9513
36693,1259
62721,10065
41378,5137
18311,11467
16483,1367
1174031,34636
686,10658
71280,212716
1108,5236
78146,15357
930707,84332
97555,195269
59611,9539
64061,214075
17403,7512
11201,9564
53267,68817
3556,829
57405,9352
28239,12403
11091,59108
16294,274
510,75
11887,11774
56850,8965
56851,8965
56852,8965
12962,9294
59,10047
24,856
17046,10096
27571,2652
4387,184314
2690,49009
51894,6537
640,83
13235,65057
7399,9398
56435,10461
40863,172533
7832,613
52968,8009
1193575,210024
12936,12151
12987,12151
3415,12151
13980,2769
155531,59678
488,10110
144590,51608
51984,8656
2636,213
10965,19840
19684,160139
4275,21778
135113,46146
21792,38842
41671,4597
1724,11856
18903,201749
71548,12182
72757,10360
71527,12177
58324,15362
53925,9353
20307,1969
20308,1969
1978,9913
20739,10678
12786,2275
13620,888
13594,888
13581,888
93410,25239
56828,11967
16834,23169
6159,3595
16294,9800
2352,192
110343,18176
7087,10386
5572,3594
2675,214
21370,1647
572045,74513
1193602,192132
18596,1677
10491,9383
13079,2080
15045,13767
109402,77805
109403,77805
20646,11321
65314,11216
59026,9767
12987,4256
33279,9763
54507,229296
5140,4234
578,4421
11873,796
21712,2116
41720,12118
12859,97
1776,227
21879,21032
58072,11395
1085904,127867
59026,10201
6448,475
4429,922
113225,34806
14987,11895
70287,13700
80671,13700
17350,16995
7467,4547
18863,8916
52870,8916
4786,783
56359,8923
69797,11544
66193,11544
1723,9333
40345,9444
12881,9444
2662,212
38689,9972
33183,16577
4755,19912
93214,216282
1053420,111969
5231,503
23287,46503
5367,401
4610,11568
4755,326
14911,2280
14639,11072
8858,6068
56735,173185
3288,245
3289,245
93991,119892
957,4836
53177,10067
1704,565
5501,9437
57134,9286
14392,1089
1071,4959
16483,1246
12936,9595
63052,81390
56205,28211
4385,938
9181,43347
52934,32823
97026,22907
9032,1452
564,76
7879,48013
8040,48013
58005,9456
17282,58857
88084,115276
19000,15577
64856,70006
1061511,115290
7017,209350
76325,33613
61357,11804
12962,864
1159650,177221
7145,9292
1284498,244610
16853,10950
23213,11456
6220,455
16328,8390
56998,11357
454818,74726
65310,13576
94918,25941
10051,609
65167,25196
36588,4348
57383,9346
126910,41479
74623,13532
11401,12289
58689,13279
107045,13980
18250,3489
62768,10069
19012,1781
608,149870
309,140
224,49014
18500,9766
52049,39939
21647,2110
607,9550
1215,9600
30365,4824
24939,11881
16842,1267
13848,901
4600,11974
7623,12106
42,553
29605,48171
71797,159154
56591,11282
17825,239678
16356,1268
5602,793
64163,118957
1054391,112304
76462,13363
1726,11667
7187,941
17494,50546
224,9426
1884,182
87082,159128
19026,185267
2226,179
16513,1375
5342,37247
17167,27573
53177,9757
16938,16617
54733,16614
6593,963
2873,18392
572012,159932
17087,2359
73409,166822
180576,18843
2199,8270
1284099,248774
5655,11545
564,80
16847,11547
2352,978
12936,9255
1194749,210947
1194748,210947
4600,927
16566,9874
6159,11259
41720,10157
56349,8922
52609,7364
1149583,167575
31,59861
21183,18533
3290,7211
35452,9053
11614,6947
2034,1907
18889,10366
4499,1624
37626,118293
14520,966
2636,571
70890,44363
7018,18947
21053,10866
6159,847
4610,11598
6431,641
13581,9279
1748,172
35318,9289
57142,9289
9894,9289
8557,598
1152,241
34682,5825
17871,16538
11649,74465
638,82
57607,9470
28741,11979
52629,11517
1032,524
64141,38319
468,64685
4014,8413
1788,154
9248,9722
2260,1717
25735,172106
52968,7737
27728,2661
57646,10539
12905,9408
15774,9408
21807,4169
224,1946
18356,1648
58375,13836
224,884
3974,279
9168,11327
30715,3133
27746,2665
185,149
4600,928
34682,4104
7187,9340
228643,159014
37360,17529
223516,84175
557179,146203
10765,15268
35734,10073
35694,10073
1152,9563
8500,11617
65688,10587
1243,10849
1224,12573
1223,12573
134604,42941
56872,9061
19304,10518
48980,6282
28249,55931
56339,55931
56340,55931
56341,55931
183,55931
56342,55931
98103,49020
117794,37495
223,55
111094,79548
15002,7552
24294,14181
61921,11849
16959,103332
16960,103332
14392,281
14692,12139
5690,13465
64864,13465
74565,13465
58178,9611
18878,11228
4135,11450
5713,9928
5714,9928
15663,580
5231,11864
5572,10731
26095,14359
62157,244688
3110,5
3111,5
2294,5
138,5
8843,10357
2209,1639
26648,9545
10707,4543
280,4543
1192754,209262
16959,773
16960,773
15045,23023
137467,117974
56591,8859
79434,84188
14999,10331
57492,164558
366,2832
81809,177699
89112,14248
14132,10166
2127,14001
7256,10990
7187,8834
33008,1825
43993,5528
607,79
12523,9947
210387,71689
56411,8952
56412,8952
53267,7874
5572,1551
59413,159092
539,159092
37710,9946
6737,38778
12028,11866
62047,48466
12099,48466
5133,10588
893,9319
56033,11829
57134,14164
10765,2085
54050,8204
4759,332
4499,10312
92831,182127
2294,10054
5065,73937
1978,167
1243,116
6349,891
6818,9952
11447,768
11448,768
5655,9428
39104,12143
11012,23202
7187,943
52599,87567
12989,9884
124279,40662
45459,55420
8296,197796
74661,46441
67795,11013
58324,13635
1769,1887
58868,10152
154547,99367
56263,8913
15488,103747
35689,4247
17350,66150
32593,2022
9248,858
3451,252
14999,923
4135,60309
131242,12819
61970,12819
13581,23172
16938,17134
468,590
33300,3603
58164,9607
58165,9607
69597,22798
10930,5549
1524,11977
19000,7304
716,88
6111,451
65734,49022
80948,15165
135601,46261
36588,17332
12989,8326
55116,10987
5342,11000
16847,1691
280,11559
57082,9796
34682,9320
69801,11546
69498,11453
16847,1690
61069,9962
1033844,13761
70616,11827
55668,11937
190,10747
14911,11005
182009,156708
8246,3172
27846,2749
57691,11017
13265,5924
101444,127373
101446,127373
6159,44564
8246,10153
1216735,2112
4723,2112
2690,9281
39,4148
56147,49948
74297,49948
74298,49948
65531,49948
12824,49948
74299,49948
5690,49948
56146,49948
6159,10328
56717,93837
60496,9918
141169,46528
2523,201
7395,544
7396,544
6729,12102
59,175
57030,38199
9108,10766
17281,10766
26714,14620
52629,199591
12995,45610
92831,44249
793,649
190,8879
73832,122800
11770,9945
8557,1985
1152,10673
130051,94380
1103,6279
56106,11846
65525,10529
70334,11713
582918,77949
2087,12101
55710,9718
71068,71688
71600,12193
77488,13417
92694,13417
92695,13417
17268,6466
1723,150
64877,12536
18868,1725
1744,1725
12989,1965
23213,8838
12989,8845
2746,220
7187,794
66987,10823
30422,11422
190,11901
12708,19899
65133,10426
58189,9615
56146,8868
56147,8868
29214,18240
20629,6069
11401,2019
67753,11495
9181,4476
8403,73358
54795,22821
59,35552
57291,11625
17825,11007
17496,21575
3026,1700
1032,11873
21879,2135
4610,814
1150,11644
15175,10632
2710,36955
7313,533
7314,533
544644,146243
3388,2898
8452,593
64211,103620
10757,29963
31033,13184
21905,13184
4415,439
309,144789
13426,9506
35689,4248
26760,9405
51677,11071
8876,10122
1927,6081
2636,11219
7908,2196
2228,5955
11614,8645
4755,9358
13848,914
37618,4512
5140,4233
145867,77234
29605,8999
19840,26428
15277,10719
52112,10708
3556,805
132964,158907
366,2142
56710,23488
2293,8285
19303,2294
96439,38073
55983,11639
7908,11639
64681,10222
22012,10222
2239,2289
108,10779
15775,4523
543592,173603
5026,346
12523,846
14409,44945
60922,41210
60923,41210
19000,199420
58689,34803
50582,6589
60725,13654
137903,13654
8929,623
4483,121826
17825,11870
7397,10985
40243,11469
67919,11047
11181,3036
57594,9396
21819,10489
11505,11814
4600,11551
62367,22824
11770,1103
21879,50321
8246,11904
34510,48838
36804,18126
4600,45650
3045,20048
60237,9906
57270,9315
59848,11427
69400,11427
57434,9603
1060,11425
20657,103740
26502,2122
56194,179144
58728,9618
58729,9618
20739,10022
1844,9511
280,177
1051305,111083
229568,80271
144221,50348
1,838
90508,190847
23880,9624
6046,9349
11505,2616
1224,11775
1223,11775
58037,22164
35268,15257
20310,1970
15287,1088
17698,9820
144977,13382
716,2005
13848,3082
52358,14926
17698,3981
57604,11397
366,3558
58829,18269
58830,18269
11770,10061
69741,11528
2294,9276
7187,9359
21370,7520
70737,11649
23968,2323
64823,10323
57434,9356
16384,123
66842,149087
933739,87499
28249,2791
769,9475
5572,415
131870,100529
54795,8374
14606,200713
11873,35169
2087,9610
64045,76494
46297,54318
85675,20453
113600,35019
1650,1714
16938,8914
8500,11697
4600,10715
638,8489
142007,14873
70890,11908
54050,58224
53925,8193
4956,746
2836,226
133259,11185
2042,10160
36602,10159
25882,9711
13776,8195
5216,1990
65734,10591
1884,1900
58260,9793
56998,11237
17812,10559
10765,10623
2352,853
1243,5038
31,9591
31211,20481
57082,130267
42274,37725
12180,12140
10001,804
20019,25793
4065,4909
1183990,201847
70100,11633
7396,2123
7395,2123
32593,9678
13484,36685
54050,12556
12523,6278
4964,10322
25950,11673
21053,10220
1749,157
17784,10652
26849,2667
26850,2667
11641,12095
66548,11310
9076,653
1749,12154
83858,159117
98631,159117
26850,159117
27757,159117
235430,159117
142013,159117
141673,159117
16590,9594
5010,1440
4610,8388
70792,11867
21869,2134
66512,10759
29009,78698
11641,71670
87130,10336
56533,58767
10943,55787
5970,5336
7213,3536
76242,44877
209947,44877
18323,11172
80747,17335
19142,11966
6482,479
17350,90125
130938,12246
39996,10774
5342,3525
54827,8398
17458,152584
64909,56715
57370,11003
11435,759
107274,22586
12453,11104
22214,50647
56033,9394
37627,248507
94075,25472
4387,121875
35453,10045
137903,15657
7187,9691
3227,9788
26095,2565
26775,12207
589159,80304
25598,9829
7187,9647
141675,49012
19303,2293
20629,65759
17698,22897
120615,34653
65817,17532
1884,1389
61244,149910
6482,584
19242,16558
61244,9973
17494,9957
61290,9975
1140272,158916
145795,158916
64877,10438
56789,59860
80999,14097
20739,9641
1032,10843
4780,338
4499,10052
53296,123678
1349420,123678
1744,11772
12987,14013
10965,11472
33279,3600
1045176,158999
65310,10439
16938,10131
10367,9768
1749,168
5602,1923
18878,10048
3556,622
65594,67913
1137903,33511
67971,10986
67972,10986
105239,29917
54451,11589
11266,22832
27005,168676
46203,166666
6733,150117
81718,28874
34110,28089
2880,10741
131413,70586
7399,9894
14773,984
14597,979
65026,10412
71872,64720
239404,64586
11887,795
5065,82696
2226,11963
61175,38322
133406,45658
47333,44129
98251,157409
12453,44865
995407,214597
94815,23128
58498,22787
21183,37861
11887,18162
22214,15373
21981,15159
190,9559
1243,9716
440763,13283
2226,9576
27846,10425
57434,15019
15337,11096
60207,9904
41887,5172
15812,7484
7881,7484
52691,7484
36804,9778
63477,10105
5917,438
40307,9667
1224,5516
1223,5516
58324,8978
61087,9963
1215,9637
69579,11470
31074,3176
11770,10016
15775,10481
1524,1636
21931,2140
1704,6073
1524,9304
4135,547
15872,3293
10601,8095
29595,8095
8502,8095
578,1492
40,1480
19769,1266
81718,14069
19429,9462
769,9013
5834,12335
37710,11851
58822,9731
43513,10768
4600,11298
14911,11287
26767,10861
1978,10428
21768,41201
130311,174188
13426,9291
60149,9900
39138,11913
5572,1547
90,11671
5281,12412
5125,363
101542,211067
12095,51170
11401,11782
55379,8424
71267,11802
51917,7090
6345,7090
1776,11975
3026,11031
65310,11887
6737,1597
76100,49953
53334,7984
33,9609
58448,8872
2460,9313
78108,180894
37932,4551
41671,10294
574338,50698
5306,1587
56911,11001
64131,10183
15345,98548
16483,1374
50767,6615
65390,10474
9181,9882
56453,72912
66728,10740
26502,13596
66960,10956
11151,8470
21808,63493
37627,8265
54176,8265
18254,9588
3417,45094
70221,11661
70109,11636
578,7270
129715,36419
8193,582
1243,11561
1414,37933
133293,5393
31093,5393
300347,21385
38023,4564
5231,9386
58094,9587
323,8987
9032,9445
64743,10285
5058,196830
55916,171337
6593,983
65702,13260
1126,108
17447,10147
1194331,236735
76462,98948
52576,7347
1788,174
5231,34584
1056311,113082
38023,37786
264113,75802
17494,9032
525,11660
280,8054
18323,24438
17350,1523
51445,6933
56739,14392
76812,14392
455,6973
59521,21208
14999,11683
16848,104755
74152,13090
24294,2313
58294,12634
37932,8409
366,11232
15148,9414
1243,11448
2636,223
1650,255
10517,961
8635,961
12238,947
8876,12227
1895,11591
66222,10649
19665,11527
1201,114
52576,47931
120245,38358
70109,55292
80602,97006
140372,109513
51298,109513
109857,33217
1126,109
17167,11529
19303,2255
5655,13685
68,19
2636,260
2419,27936
74091,38142
17167,9454
5231,387
1146,1845
5140,43931
1884,462
1098,10030
2461,615
67367,9270
5231,2133
5877,431
18356,10057
7908,10806
24318,12120
55668,8393
58552,37950
126768,227094
57434,9494
62696,10064
11770,45657
17403,1542
1524,11153
12698,10246
11218,1391
78226,146375
206719,13313
10723,9366
58268,9642
58269,9642
18281,10025
1577,22825
89112,81003
1032,1598
51023,134597
68573,11199
57434,11418
10723,712
5572,1645
48583,11156
893,1535
23539,2284
1201,32856
17046,9986
35689,12153
66823,10718
23393,11892
1071,104
14773,11549
8876,11158
65994,11647
66718,11647
15868,6968
2000,143
5877,166271
57581,13460
3556,11481
578,1541
17494,3563
2559,827
2209,11618
36797,8835
10702,9342
555254,37797
4955,11906
15002,926
17883,6415
224,59
10757,713
58245,75761
518,10830
76998,84336
15361,1090
8246,8984
582255,77561
72113,71254
190,20187
66563,12620
3055,51999
16829,152259
1769,39210
137427,46738
90607,23830
52779,38167
37710,8831
77926,22843
77923,22843
18357,24271
11401,9208
12995,7979
51984,14979
59848,9843
12987,2830
69359,11420
69360,11420
43468,10677
56661,9022
53525,7985
53530,7985
41039,20829
17494,71880
4945,2023
6159,12146
61571,9991
54584,8386
508,11601
1843,158
3828,158
2260,9422
14692,11008
29662,11868
10828,11655
76882,14433
32813,11361
190,10650
39996,9040
3224,859
37451,11986
11777,10676
16187,579
64141,57431
17494,9614
26775,11841
7722,11127
508,12797
56911,9574
18669,10911
14566,10911
4014,71679
19303,9541
71538,12180
18392,1654
85670,117691
7426,546
77919,13156
25340,89899
77008,89899
938077,89899
56024,89899
67717,89899
85340,89899
54291,89899
930710,84341
66654,10771
19303,2295
309,8088
34849,6522
52629,7442
5469,101173
3974,1850
578,11976
5602,985
18898,10137
66548,10761
18072,4398
13859,903
63713,10118
3388,42888
26475,10829
2294,9367
4081,11576
28898,9314
6449,12185
7795,12185
6449,8592
18281,23049
6778,4192
4385,336
64045,26171
11649,9621
26760,81870
26875,10320
16938,10477
5292,13435
229702,109584
12180,9323
66226,10651
2166,121642
5026,548
931778,222216
16785,127372
12011,15856
5140,11460
585040,34182
58573,45156
34517,3989
18356,12508
4135,4515
57865,179538
9340,7459
9339,7459
224,9538
11505,15144
8685,1830
60725,9948
102402,26715
217587,84174
19969,1921
3146,37257
44847,14534
4027,11086
66856,10800
66857,10800
934803,166424
45117,5723
2171,13401
17282,11075
6482,650
52049,6519
587411,91417
60922,9955
60923,9955
3026,12220
8965,11416
17119,200085
18281,9919
58838,9739
58656,9703
21136,2057
6431,473
42,452
28902,11980
11435,301
111686,34016
134129,54445
4600,9872
61300,229407
1265064,229407
109857,15189
118639,37169
1150,8688
7256,9433
224,837
81201,14254
223886,14254
27005,10501
65629,10501
2226,37233
814,74308
66076,10657
1150,11507
2636,5854
35452,12721
29009,2959
13848,10098
1243,11562
30309,7452
45916,15015
20400,10611
2945,231
52112,14560
71280,74387
11676,1073
23968,4614
11037,12093
21981,10923
52968,8850
18878,8840
125738,29920
133631,45745
57521,9645
1032103,204435
21526,14637
64061,11584
57865,12245
201,4953
5306,9681
75043,13491
7832,4858
11266,4858
56349,11351
518,7288
66219,16553
70212,11662
3317,246
66728,11826
23964,4464
11435,910
15254,11902
3146,10653
2917,229
60295,9909
33883,10973
11447,9516
11448,9516
16513,10495
518,249
18596,2623
58245,9638
8328,9387
66222,15417
7187,526
1724,6951
18069,11133
66496,10758
2991,234
102389,197624
78118,11093
235539,62564
933262,86467
933263,86467
190,10724
116065,36728
57030,17436
57581,11880
664,7305
5174,9530
8246,10710
19840,1913
70850,11859
9181,9665
12677,11548
5572,9833
6201,824
3224,84305
240,975
1090812,94901
21588,15039
4453,309
86203,24122
18250,13389
66800,10726
15890,9504
1081445,125490
1723,9604
9168,635
4600,24831
6482,8292
57446,9357
38507,9421
2171,6435
57370,10663
18500,120605
7501,551
5917,71677
77084,38540
33183,60307
1056121,157354
57630,10186
77658,13256
25873,13989
9855,11206
16513,10908
31493,13820
16829,1252
41041,8555
96166,14202
54222,11540
33485,11692
100888,13377
113285,13377
5572,8224
73588,12192
51851,6575
2662,34106
53767,8069
11433,15947
64864,15947
74565,15947
11427,15947
103344,15947
8858,12499
34928,17074
18378,1788
82219,16620
53267,10476
18356,13498
57125,9282
12962,12117
53069,43923
53068,43923
113911,13851
1207951,13851
1056311,13851
221764,13851
930221,13851
1207953,13851
31024,10468
1238965,94562
9603,643
39,19255
57199,9298
45996,123109
30365,11821
2589,205
51917,9517
21370,11973
18250,1633
58689,10480
1496,136
94108,18405
66121,11978
77923,15137
77926,15137
13563,10400
33541,3682
71042,11959
646785,98205
139686,47626
190,66
2000,299
19840,1902
5696,1441
63303,18781
57521,9378
564,92591
1090,9096
76243,14011
53014,10115
27977,103328
76100,13956
21677,10748
56710,10748
40230,10538
5696,10398
57898,11377
1297123,257346
17698,1581
1524,9932
15810,9994
61677,9994
61678,9994
15811,9994
44130,36599
95024,20178
1088681,118737
54559,19898
6884,504
66739,10727
12079,9023
56660,9023
78108,38234
15890,10543
12995,1262
21217,10377
51795,150202
7087,13932
74569,13483
3045,8874
111448,20760
89112,20760
3415,9896
46085,10207
1216147,72431
4610,9602
1150,9280
56998,10173
72327,245775
309,219
64191,10214
13235,9675
11770,12122
21217,2069
2042,10586
74058,44639
80384,127370
21526,2100
36602,13416
11873,10033
309,99
18899,11230
240,3175
71329,18476
27745,13001
46297,11128
6593,488
51984,6623
59521,10066
7270,535
3289,78571
86009,244237
69987,57331
58375,38303
30149,243531
57134,9532
109745,84184
81718,110420
16294,14976
64152,10199
23964,10199
58897,10199
71929,70793
145763,70793
62797,71668
17016,4413
15488,1116
2406,60670
33064,11787
12009,18988
309,63311
61824,11428
10586,8536
144519,53457
119417,64678
41041,41215
21217,44147
21673,11652
68020,11099
229568,21861
64139,10187
1032,1578
4610,11890
11873,13493
6011,86837
74091,198375
31024,9293
70109,25676
35689,9072
4065,288
57199,9968
24248,8976
6159,2924
27226,10577
71943,12253
7017,1537
1243,9684
4135,4958
12962,2064
1090,9593
11218,19101
20629,9447
32277,3512
11770,2654
32799,87436
129937,87436
118369,87436
141673,87436
129938,87436
105574,87436
18184,87436
76171,87436
147695,87436
557880,87436
112280,87436
81251,87436
133403,87436
96323,87436
206169,87436
574660,87436
235430,87436
81328,87436
118303,87436
64108,87436
101542,87436
137467,87436
98631,87436
137445,87436
107941,87436
935179,87436
23442,21028
26502,11522
57359,12309
2778,10126
5834,10869
21544,11951
18897,10975
66718,10775
65994,10775
28904,11622
2419,892
13680,892
1138328,157115
9789,651
52443,9388
65817,94204
1068112,118628
54597,51588
229931,152780
2226,606
3556,3053
129952,43959
54590,20618
9622,41515
61175,9969
1927,12268
44916,11653
17520,1555
26767,10596
9248,2928
1038,50780
11401,10835
14999,13025
1150,2067
56198,152795
56717,27569
893,11654
17698,6964
957,49538
65298,10437
172,37414
2636,574
57851,9529
1723,11474
29922,1534
3055,19918
17494,11078
57630,9427
12238,907
34611,4032
5696,239471
59023,10606
18669,1705
11770,790
53215,65215
52856,7515
309,4203
150207,177888
56512,14784
4786,5902
35475,4488
21526,64639
8574,83770
16435,48650
18844,16164
15378,17917
4918,242661
929851,169934
158484,233470
1155518,172828
7187,9562
35267,15805
9340,9303
9339,9303
468,71
7623,2046
66121,14410
18392,10242
69371,11421
20556,209355
16848,2662
71338,26441
84739,242022
84740,242022
18378,10021
4945,9354
1150,10142
18254,2453
18844,48289
5216,468
80602,28004
46076,8584
6011,8461
14674,981
57408,156711
3388,2539
14692,11884
11187,11680
39138,11680
94108,176068
18738,1712
566275,72525
116065,196750
16142,196750
225814,140818
64331,10253
77921,75629
77926,75629
77923,75629
54644,8346
18844,9777
47724,16342
239235,175774
21684,1255
43526,5471
5140,10012
7482,5001
81199,16279
13015,867
7395,48988
7396,48988
17494,11077
57027,119569
20400,67660
3026,43949
932533,85739
27226,14435
95687,18570
37630,4517
14172,8780
33315,11823
174917,8968
18898,62046
186783,70954
17439,55347
64909,11687
57832,9460
6648,490
13848,28978
1884,1412
71901,84226
93406,25237
608,15371
78371,15371
716,11630
876,51209
17867,55725
42994,6038
8023,54559
220833,54559
4610,50204
17510,90369
80924,41505
80923,41505
133398,45649
16187,16633
52845,19724
92657,24804
14597,34647
93468,22494
68573,22949
90812,24056
1243,19265
84833,19556
84834,19556
57207,16353
57274,16353
77147,13812
57125,16325
81727,14299
95024,74306
92436,28465
24886,2395
20674,2395
1255,12400
22214,13173
77964,13250
80949,16873
72024,146304
8858,10890
33433,3638
17397,12085
13922,42979
8300,9044
4489,9907
55161,10049
57328,9927
40333,4977
59998,9885
26760,217923
16848,1696
38507,7229
42274,14846
309,64
79656,21972
83313,51481
4489,11891
1461,4912
69416,12448
57082,10691
3224,38961
7213,2163
2636,845
25558,11533
13776,982
59997,9886
4415,422
27889,2759
21217,9099
15521,9059
6349,4477
1269,9922
70308,11708
108,763
18356,10414
54451,11046
1032,10436
1769,1443
10601,705
6592,6878
12786,10053
57434,13342
2690,12157
8328,1880
8558,17692
53334,10161
27991,1694
4782,11583
190,17689
55728,8703
15663,8333
5026,11953
10586,12310
7767,5916
17281,3604
12114,8348
16544,8491
5281,925
37626,33701
55499,8643
50269,14128
19665,2575
2087,173
57073,9267
96166,44113
1270,62837
77147,256274
1723,15070
3556,197082
17447,1548
8844,12160
2690,11120
52371,10854
79656,20856
52870,14411
1205756,14411
14392,8665
17167,1439
63571,37472
52038,9816
664,10329
58712,11675
23968,2322
63943,11074
5834,14136
77008,248611
16410,10150
16411,10150
282750,84199
58178,10833
109339,70577
2636,573
138557,44678
87178,14624
19303,2292
2778,624
1243,11485
67589,72334
67590,72334
6340,13668
12028,806
9168,1632
45916,15016
240,247
17114,1378
9168,3537
35771,11518
59291,9792
56635,9017
36425,11170
74619,13523
105643,14613
56033,11689
2419,2841
1027737,16690
1027738,16690
17279,10873
14674,11113
1614,10451
7270,4478
42,145
39996,968
1724,9876
3388,11050
68682,11234
20237,9801
80751,74842
1188,123377
90367,30675
1744,10514
37852,12271
46366,16007
3289,1901
52941,7553
137467,74725
21981,2144
71901,12211
44916,9404
18598,1678
66681,79316
1039527,79316
18184,38541
527607,50837
30715,8967
564,9571
77162,13944
190,688
52112,10172
1524,17610
6554,190880
16589,3513
33254,3597
3831,15383
1243,9466
1215,11024
1375201,79108
1884,2103
16294,14462
22301,2179
51600,6961
1927,11843
32250,12225
24,9374
65298,10874
8500,995
224,11336
20267,130739
70738,11648
63174,10086
63175,10086
47820,10086
12099,83201
39996,4176
8023,54553
220833,54553
7832,575
11770,9663
64191,10992
27005,10167
35796,11918
11435,900
21136,14533
10051,11954
61677,14813
33433,11313
4429,308
58072,9446
5602,483
68750,17159
84697,175291
628,15080
52849,185574
3310,13971
1126,110
280,14506
93286,121835
10723,11820
61789,215814
1200466,215814
1152,10155
3125,80591
59803,9837
44113,9837
21879,9837
40256,11081
1035,109729
72692,70196
132964,60420
86500,123103
45730,121789
26502,10393
101542,28739
240735,82485
8876,27902
18635,10648
44740,9515
23626,340
57492,9372
56150,8869
13861,12900
71307,12112
17494,10878
26875,2671
648,7007
648,7007
19639,1871
22461,9464
39138,4727
17016,1770
4081,1879
1128,11236
57617,13345
44916,33542
67259,75948
19744,1884
9168,11663
2352,77221
212999,206419
20561,10362
11195,8290
7767,994
6767,18480
90367,101907
8557,8338
56263,10906
58137,9598
51866,16158
82579,24924
68770,11247
63713,11137
57138,9664
608,11621
1150,27327
12962,4244
11873,5458
17268,1613
323,11004
30715,60281
8500,3109
13848,962
2042,178
6495,28005
56953,9644
12840,2086
26479,11069
190,8197
2523,2320
64190,29564
65310,10947
11057,10396
280,36819
11195,760
67604,10957
107274,10957
64735,10283
17784,2099
4955,20126
4610,9080
1461,3291
6778,10730
173667,89008
59,9322
2690,11646
76624,14337
5655,4538
58547,9687
57130,9842
12995,8066
71947,12837
1224,379
1223,379
10491,9075
25558,11114
44070,5552
6241,457
21370,9619
1243,696
224,9540
20921,27236
74863,17445
18898,10756
7145,2752
56106,11862
27991,12088
21806,2124
33341,11281
893,2119
2294,8068
50719,6552
50725,6552
2662,3083
14887,76543
122423,38810
81044,13312
81045,13312
35694,7278
35734,7278
77162,73873
1036084,104329
1978,2309
67367,21755
8246,9895
20665,2016
28898,13195
24949,10035
127424,43641
190,9573
3146,284
4109,10907
67426,10907
37932,9631
4489,11676
4955,29161
33008,16113
1255,26719
548474,16269
21819,10303
1296119,13855
24173,2355
10702,9839
101767,24236
13776,10711
1223,290
1224,290
58072,10040
10051,11343
1098107,133931
6011,37903
5306,1715
30149,11258
74091,79707
77003,13150
20640,10997
25735,9102
578,4105
6593,2075
11770,8852
132305,25623
29009,9779
2690,10443
18254,1634
4956,3870
43,9871
13581,22620
9032,36657
2636,506
4014,173897
9048,13973
22020,14695
21678,2266
21126,2266
6220,2266
21768,2266
1224,2266
90,2266
5140,2266
11218,2266
16927,2266
1357,2266
2163,2266
5877,2266
13235,2266
8574,2266
21683,2266
21681,2266
21771,2266
1071,2266
5216,2266
57579,10862
11472,1642
224,27429
34611,10765
1172231,191720
130816,59968
16391,1360
240843,65291
74863,65291
105643,65291
88077,54540
15175,9846
26713,9599
35694,40264
35734,40264
17046,37056
93301,15655
126597,126319
126599,126319
1092607,126319
7908,11353
24318,4587
16187,9651
145821,114606
27436,121793
33880,18976
1496,138
55983,13597
34017,215848
64190,10213
1066409,95516
879,12498
19242,4566
75753,137968
1107980,137968
68994,89708
118713,229405
1218549,229405
1075122,121879
76247,10327
87213,38150
20030,36970
138857,36970
72024,14655
37710,25137
78451,13190
524,12572
5125,12572
6495,12572
11448,12572
2245,12572
55785,12572
11091,12572
5872,12572
37630,12572
15435,12572
77301,12572
19866,10795
8686,18094
1011,44716
66039,74018
101518,67675
16137,18874
21905,9966
31033,9966
1012,1023
52342,7291
90638,34942
19850,9787
3224,3472
71418,12138
76936,16804
11694,38363
29715,19186
24530,9929
60680,9929
24531,9929
17494,9622
3415,6520
32983,3573
133259,9062
50739,22311
3974,10654
63713,19053
130837,26688
73460,12783
288710,157375
16938,169219
18844,74534
21684,11423
3146,996
58448,10897
5026,12493
64061,11777
87257,38684
5026,11645
8685,9296
80602,239562
97555,27310
8858,14035
5306,228194
13079,5125
78751,14073
61921,10008
72024,12277
13524,13785
56342,11299
18878,11478
64151,10402
7767,576
11523,775
19639,1870
1172548,1870
44847,5693
57290,9318
1069629,119278
68432,58547
17812,10592
11435,10785
13973,10785
53178,13920
974,86593
591963,81446
83287,71859
1168899,64956
39298,121873
199939,85414
66681,84348
141962,84348
1039527,84348
1039528,84348
88556,84348
40863,84348
1039529,84348
101542,84348
98631,84348
133502,75900
58036,9448
1059118,91550
30715,16642
58628,11132
1188,1280
1179494,160070
73035,56780
13284,4808
36602,10029
69537,11479
3974,11515
67767,11286
130687,41382
82939,1977
114597,35690
70334,12481
72433,12481
107658,26736
20430,25205
88926,19833
98940,20036
23945,10798
81256,16409
607,1494
26479,10891
62797,10070
56173,10017
5501,11329
168798,82679
46085,9039
88077,19766
3238,244
3239,244
87429,21348
64901,17809
56059,11212
56059,11212
56998,9415
64170,10206
1650,147
68215,11066
2226,10236
18525,1667
18532,1667
1190421,20803
64195,9730
12936,8764
12987,8764
3415,8764
2352,2383
37633,39413
143593,184352
1055220,101519
1055221,101519
66823,68684
32427,3529
3556,10675
78916,41109
19303,48572
55251,58496
129433,170689
35736,26022
16837,13477
1462,12834
31119,1931
45627,8617
108486,18911
16919,60672
769,8046
13581,889
1884,8880
5281,1883
52405,7300
38689,14362
87565,18282
39819,7303
21217,15196
64877,11824
24949,4141
1150,109099
57090,9271
56891,9067
1152,10858
12840,10498
2087,11165
31074,11165
68412,11165
86439,14444
110873,14444
14999,8408
7145,2640
131617,39452
60237,12589
5342,396
14639,12110
54441,1245
7623,9556
54525,77495
557736,165213
2352,10995
52968,13486
6767,13007
74052,15060
37630,9093
59958,10984
28904,2925
7908,11899
115174,237791
9248,10783
4429,4816
15189,1052
39779,10536
8843,33602
1032,203
13563,2039
18635,1685
19866,48034
56591,14141
55476,20539
1117026,191714
25735,2518
66088,10655
18563,25253
19457,11123
61824,10127
56911,10510
1723,11064
1255,11088
2380,193
14773,12584
78545,115210
18899,11143
548474,11198
15254,1075
27449,236737
8010,13042
9789,10403
40333,13398
5058,5491
37302,31417
6593,10339
13284,16563
18311,13673
6349,9944
57727,13333
137475,46829
77458,13249
638,11454
74052,12889
859754,84287
18378,10860
80602,62008
587800,79694
52342,56415
101542,58428
2216,77887
62116,63710
2034,8067
228177,58626
90081,41135
562916,65760
131948,39312
21863,39312
504,687
1927,10794
12453,18311
4429,8284
14999,29426
7908,10776
101518,28665
56251,34423
17380,20342
72101,13019
564,8324
67589,10946
67590,10946
6349,15764
34110,75622
16785,3635
5501,4965
10765,10877
6482,16161
157730,192936
45405,39053
45407,39053
1927,9660
834,1939
1927,1594
18738,3110
3146,632
1152,10537
56033,8833
1895,9442
45572,8689
11649,2028
190,6723
51572,27352
14773,11916
122186,39101
7883,13930
32277,10176
55189,23963
1098658,134366
76449,14194
36083,17047
12891,91739
54050,10330
7791,10215
27146,10680
15175,1051
1027017,101267
1027018,101267
63709,10117
930708,84334
1067794,118406
56225,8736
94011,13353
27889,85435
119368,80038
664,6488
74863,45162
20019,82390
16808,73770
1140570,159121
76451,44977
54869,43549
119294,48303
8246,586
94608,26035
73161,13682
66150,62320
64211,13474
7832,16759
3893,13788
41041,5072
72266,13652
58712,13613
74863,13640
34934,13640
131081,50388
20739,2018
30711,44754
119665,14223
54240,8272
22214,2171
135534,17612
118303,14139
56155,8873
239418,18892
3776,1626
83923,14003
17279,8080
72034,12281
11614,9697
78108,15255
56539,8998
57492,58492
4429,339
10723,121674
16304,7501
16305,7501
34920,16234
26875,12205
5572,10687
73051,33875
65429,33875
1243,4787
55476,10560
5216,11252
2042,2157
57730,9463
57731,9463
8246,11393
16410,1362
16411,1362
52968,8010
66226,17169
21377,13550
5572,11557
11777,18086
20556,13975
56710,37565
21677,37565
11770,1410
1243,512
154,13155
66604,10685
15254,11044
12840,4954
67767,11950
44955,14029
36797,4379
11091,36668
1844,6076
15045,60405
19244,13939
82304,169020
58766,9721
26760,48492
8844,14412
208116,110146
1577,4723
7908,9890
2178,13969
58868,9745
19850,11023
121588,250349
90367,63686
1243,11686
114545,34069
114546,34069
12058,25704
62768,76487
11401,44092
554948,44092
3045,236
80630,16564
2388,14728
1011158,85870
59,11227
61357,9978
7270,9769
31493,14924
2053,15487
18072,8366
62367,198210
21476,172847
21477,172847
56506,24795
57691,9490
1186076,262551
1067317,262551
11873,11812
70558,11811
5656,27583
9108,8738
5369,14326
12840,10859
129879,253687
6818,2000
13776,2155
1090,913
18897,10753
18669,1688
64883,94047
23799,12142
1255,11169
58268,12609
73094,12609
73095,12609
201,157820
12920,9942
8246,10337
151007,53985
1243,5143
15798,9263
65314,10376
46366,16140
13079,868
58116,9592
29226,2977
2294,14199
52112,7233
7395,11431
7396,11431
58838,12224
2042,10562
20709,2011
20659,2011
18356,9713
4037,10478
6593,11016
1776,232
7395,12610
7396,12610
17114,13403
65934,10951
74299,15139
4945,15139
1164376,15139
21031,2044
1704,6963
19037,2274
1243,11382
8246,11597
30715,11400
19224,11171
13015,9555
15890,10743
41550,10660
59958,9877
30021,3065
40345,11704
56911,10406
556172,50839
62043,10019
58728,11893
1243,10739
15148,1710
67767,11006
70663,11837
11676,13107
58384,9406
142646,210911
18598,1678
16863,3902
52049,9988
62116,10028
53333,16608
21768,9662
107274,28302
11161,19185
1744,828
13235,9451
139153,85373
139156,85373
59338,9803
54050,9007
2880,59468
56755,9037
12989,9395
18323,2642
25703,157360
68813,65229
36804,4380
41550,9879
38803,124461
4762,8051
59,77878
995407,102629
8246,123105
8392,133698
19841,68818
32983,70868
1294471,81481
1265058,229408
1265059,229408
956,100
559299,70695
75544,43418
91759,35052
70703,30596
17835,36801
39189,36801
8844,11509
3849,271
19499,43935
17403,12569
88391,189197
44797,189197
33316,189197
21206,189197
21712,189197
166291,189197
71506,12169
116076,36736
543568,15067
60129,9899
67316,10885
88092,34494
19769,7873
5306,1947
8574,1653
10828,1433
48980,10628
19228,18736
80215,13497
46076,5851
18596,11983
53334,10511
78615,22582
2636,381
11037,11634
578,10534
7145,13595
18254,9826
4762,8052
29524,2900
17167,33689
15389,11012
23393,9605
2303,11779
18596,11929
49903,10208
29471,10576
5696,403
29433,19204
19665,4923
33094,10306
67259,30421
7270,10998
6159,1552
122186,28609
18281,11191
39138,10516
7879,13934
225976,13934
141673,49010
67589,214314
227452,214314
14392,11879
1201,10780
1077537,123229
69801,15596
11676,2637
7145,1257
44179,9042
1185788,202220
76998,14048
576537,50217
20640,14365
2380,7342
45407,82532
45405,82532
2034,9905
145627,17740
85822,200462
2171,2058
6593,3090
4014,9425
64195,15379
10943,131634
62863,37931
114334,44629
1152,10523
83985,14636
71276,11807
648,9549
543568,11344
62541,25643
46297,13768
44916,11134
1243,10440
893,9566
13615,15037
13614,15037
10367,11592
58448,11041
2765,221
66777,16858
51421,6916
18897,10974
26724,10974
16919,133469
63973,8882
58552,9685
556141,162145
212080,186161
6720,10641
16888,30295
544655,248390
54967,10603
15557,1125
67056,10837
1030363,159004
150630,111440
640,92182
642,92182
53216,7249
59646,9824
57607,170657
1142824,170657
607,76758
13015,9869
59,10656
583857,116811
133259,11558
35959,121936
515867,251768
19012,22492
19852,5951
144960,15302
524700,89691
56533,8997
64883,11658
5602,404
19304,3116
2636,1580
6648,614
18635,4929
11195,14257
56506,8989
444720,80184
1017209,97795
567374,73936
66879,79433
66880,79433
587167,79433
2460,39486
37852,45324
129718,45272
17114,27585
52842,13258
1707,43930
81328,49787
57207,43209
57274,43209
137143,105001
143593,26280
110511,35138
98521,27586
69353,11419
12329,5156
56401,10347
64108,20606
55587,34769
71082,24469
70500,21641
16897,10485
81159,19173
36697,18032
101542,25983
273,12165
35736,11854
44740,5353
39996,7972
78135,15356
68352,11152
8965,14125
27889,16899
77211,69315
20561,2001
58689,9708
59521,9815
18357,14113
10965,1833
37626,21435
20310,1975
50949,6641
57557,9389
15778,13205
15115,7862
78896,14191
73161,16119
30365,3093
34920,14609
87169,14609
87170,14609
90657,24970
56661,13990
11091,9416
1193446,209901
69741,15276
64901,10610
68770,15648
5345,398
37710,11935
31024,8427
16136,919
18254,9290
1212412,14008
1243,9689
57962,9557
1214381,12914
129941,36355
56998,9073
12300,830
18335,1644
3831,5511
9076,631
12804,916
31024,9403
18596,9702
18357,9449
39743,11571
37186,4548
34517,8675
2636,303
39138,4728
55439,10399
17403,3179
78021,15239
78023,15239
58220,9443
64508,24740
54441,11257
670174,30143
929972,30143
12112,811
1,636
24318,10466
1927,12614
37710,10540
1704,6283
836732,84329
21792,92000
1074560,121606
583479,121606
1293085,204553
1121891,204553
81297,59197
41670,4475
56151,131689
25819,122192
16435,1364
13776,3482
6448,3482
5026,11712
67897,14052
7908,10141
7270,10068
56033,11616
52049,98066
82518,122293
1044256,80215
1044257,80215
1023127,100046
94011,13187
9577,11590
6737,91010
35770,132316
121830,82881
76595,82881
3317,121828
89824,84204
78562,58232
5045,10925
18308,83191
544130,126277
544134,126277
562589,71325
225556,57119
1895,6471
23799,12685
939452,91333
142272,42296
142276,42296
57851,13701
115122,35428
8965,625
8023,54551
220833,54551
87257,21191
76864,52629
131521,44835
82511,17927
48514,13741
67714,13741
77863,44992
64575,31203
111588,38542
21792,9262
20657,2009
17867,12473
35086,280690
64140,10188
98251,139519
3893,9785
78040,18925
23430,2269
58137,13967
35582,10063
65994,14148
57214,15003
52763,7508
63571,35854
73832,12657
23799,168705
1201,4599
39996,9950
12632,2176
141706,19405
90638,25913
5174,2185
17867,2056
13367,876
122431,39180
12178,823
9789,5279
14911,11091
31033,10389
21905,10389
11694,9430
76408,18837
56342,18837
37932,9400
68928,31000
64796,152426
47974,6116
35155,9625
12920,9101
13563,912
10781,1945
21370,2087
77923,18491
77921,18491
1650,1628
11435,6644
64909,10353
33485,9822
3026,9087
42111,9070
19606,10297
53599,8011
63713,14370
7506,46878
6593,15739
12840,1727
2303,144
18356,3980
4600,2614
16566,14372
18356,15413
1723,14746
190,10015
6818,9343
1150,9586
58245,16441
3027,9980
68993,11314
3556,11482
25236,194523
33254,10375
564,9081
2636,5780
8574,9009
1122286,97605
17309,13704
57434,73935
2710,24982
1099914,256284
108952,57089
81913,17467
3224,18129
57579,52505
357,97512
76408,48625
66739,20777
5292,14047
2042,1683
173004,14174
77062,14576
1884,8881
8965,10533
52038,8860
65548,10535
60860,9953
12178,100271
74298,13691
11649,11068
2765,26596
53935,17336
544653,66118
147042,66118
544655,66118
13776,898
51116,6691
69371,18320
23728,6935
51483,6935
210769,178446
303064,96599
55790,13531
16938,9954
11401,11471
45052,5708
74863,15359
5216,711
64754,10288
61894,10007
36805,10934
7791,11141
125544,13374
58375,9655
53068,7859
572551,79931
20824,13908
51851,11857
13426,11381
34849,9283
2636,4174
67570,10938
10965,14367
10601,993
63550,10225
6593,17360
6818,6404
8452,1398
5872,436
1222781,278427
85203,138376
983625,138376
131186,54186
1215,11355
23841,30844
36423,13166
261224,13188
51918,18415
11419,10351
119819,37737
50767,13257
1072128,120475
59466,9813
58255,112198
144845,112198
19840,9299
87695,91745
21053,13922
6729,10922
80698,16366
85716,16366
56828,11231
6648,797
18281,11011
5026,3782
172,2750
57895,10413
56401,8827
6648,11656
65734,11090
5216,577
39104,9558
16863,10712
109153,107170
109154,107170
66563,14220
21669,1254
1844,9510
57758,9510
49828,9510
20412,10803
172,1988
19359,18897
41549,14043
58189,13275
1287732,14449
62116,14177
74091,12924
66718,14310
65994,14310
1243,10569
8297,1809
10781,10491
51917,9344
1776,7095
7399,2788
224,28942
45645,17466
16384,14239
108,1024
44056,13509
776,9085
25236,110410
1134632,153738
4818,10846
16589,27793
48583,78476
628,15283
70520,11798
12964,10136
135604,82450
53935,74536
59291,10226
57206,121872
1461,4942
96745,27004
18899,37034
81085,14070
7929,13413
70905,13541
84782,24801
66960,11025
58294,9434
35771,19404
7145,8866
2746,702
14911,10945
76418,21481
1223,10778
1224,10778
40345,28032
12881,28032
155357,72477
6011,445
510,5683
21370,2669
63477,59883
61985,66129
45996,10185
110876,92645
7791,89185
98940,15590
6778,5919
13235,2755
28605,78604
54967,11164
136345,46420
1215,13499
54710,16991
118463,40205
62514,10050
21561,14028
76809,14028
66039,15157
8392,41211
49450,10772
100516,22051
16304,36691
16305,36691
70100,13981
77003,14292
67813,12645
96323,23966
96324,23966
18524,1666
13663,2267
56789,9043
47364,9794
56911,14396
58514,9682
9789,9526
1140160,158752
10395,8669
56106,8849
56911,9074
3556,257
552707,76451
58159,9606
10099,4689
51000,8974
22164,9369
68994,14002
2662,3078
18897,8697
2178,9715
18185,9812
47893,9570
108,9964
488,873
12112,15050
11201,761
15389,1786
15868,9589
15175,38985
19032,14821
29433,7219
223693,48415
145612,30618
110876,33555
21269,41411
25527,17577
21198,24480
53806,39414
111059,26587
67717,15588
78626,14235
89972,20982
129952,14123
11181,4520
46295,113160
46296,113160
3776,2786
4109,13368
34934,14919
35270,14919
2087,2161
19542,1857
5140,13122
92743,24869
65452,10503
1614,9261
40223,11022
1243,2779
90492,84355
13284,13320
9181,10684
67753,13154
1269,2055
71329,12079
928146,208277
8500,13909
229263,99579
57090,10163
35959,35026
21819,12773
2675,51248
41549,16406
7482,549
18308,9612
65127,70008
15657,14140
37948,6687
12988,16562
48965,14180
185,8953
543568,4552
51521,15668
21712,8512
8300,6072
11195,25866
59413,9750
13563,11484
90367,30061
74863,30061
86325,160704
8246,8944
16834,1249
62854,10074
30149,14305
57173,13160
177306,72432
266412,72432
69579,14219
190318,15567
994332,15567
67941,11052
23799,11059
3974,37606
63429,11178
63709,14980
59026,10720
1462,11065
55476,17127
78012,14283
35452,17653
4415,405
10001,3001
2746,654
20237,9090
64796,10280
90694,17295
11770,17814
33341,13633
64909,14645
87565,13667
13493,13192
26760,10617
26502,15143
1188,113
2294,56288
38507,11444
70565,11815
13015,10003
127716,12145
64061,12145
2636,940
13284,19761
53216,13253
37948,43552
74566,26920
65310,13649
39138,4729
15218,9035
1524,9535
74118,57243
1046489,84194
7623,10223
1524,9005
55117,11229
22767,9560
2636,21734
32593,8457
74272,13198
16919,1407
67717,15152
4964,343
1032,11051
33064,19490
122186,39103
1285197,249923
32277,9086
3776,269
227452,57586
67589,57586
12528,842
12624,842
13141,842
224,2742
9032,36658
45649,10607
74300,13225
85809,44918
61019,10847
94126,19794
18356,14849
74101,13018
18311,9959
40440,12795
30365,8092
113609,252607
207494,240510
323,11087
49450,6399
87081,14517
78040,14438
82234,15251
58059,9582
582527,204349
4387,51447
30008,3063
17087,1430
3317,45284
80307,14844
90367,22855
7314,14447
55322,8349
5306,6440
14639,10156
7918,13062
74142,13062
2559,204
2226,11860
1143671,161321
1149649,158445
543842,97051
930629,84200
408,52338
56194,53487
51534,65599
78040,72213
57214,57585
4319,1282
4037,287
10781,10130
1086408,128136
52961,52587
137618,46541
57832,34179
6495,8915
99496,28053
135795,114779
64901,17808
1201,13159
7482,2013
56343,13754
11809,791
54644,15045
933164,89584
6111,12767
86194,20483
86195,20483
86203,20483
69237,11531
57691,17130
7791,9989
6361,467
57082,9266
12180,10881
33156,6396
8296,9501
19639,1875
133398,158990
81950,68450
568692,73262
24939,10671
37360,10671
18357,1649
2675,101669
39996,24961
69488,11447
71280,50725
147531,46523
147532,46523
572295,74471
245796,74471
11694,10218
7930,13929
129879,43920
587,105077
60024,12763
78751,15774
53177,11260
13563,10633
62514,13008
81963,17483
2223,14144
60949,13161
282750,13067
53334,10060
34920,21683
34927,21683
64459,10263
17883,1599
648,13572
129952,14024
2352,1997
17510,1544
5656,10707
56851,13683
97180,13683
172984,13683
1046102,13683
42617,10212
107395,30923
32593,14819
16938,1408
8858,6280
11181,10549
65428,10228
65429,10228
15111,9103
8452,895
53177,14817
26502,15602
15521,16136
7190,10023
54590,12919
20937,17965
12698,16938
18897,21519
23393,10937
63937,10134
40345,4978
586002,79120
61069,52067
30149,50674
52629,10145
17520,1826
4429,883
87438,16258
20629,2007
8297,507
11505,11894
69371,85033
16897,21629
4967,15659
4945,13466
58220,11002
64151,15566
1107435,137563
1107436,137563
56735,10832
56736,10832
6011,1791
5149,2621
1224,11368
1223,11368
65420,132137
75753,136911
56151,14207
143059,45569
24248,46138
5125,31175
126765,41517
558177,65762
50460,14012
39819,17880
21370,9912
97180,51786
57082,59963
53671,206324
87672,21583
4755,25059
10001,20139
120018,38286
120019,38286
120020,38286
120025,38286
58292,44718
37710,9091
19012,18041
5026,3777
25210,1909
64875,10344
83467,13888
67767,12705
4945,10249
59413,10090
15148,1049
53102,7861
25735,11398
774,10750
132572,36939
145228,48395
18899,12780
114001,35217
52849,80379
112280,16061
69089,11345
40256,9910
95111,26317
3146,6620
56339,14282
34611,11317
4782,9507
106834,15171
106835,15171
92851,24929
56339,15999
76422,13012
58712,10326
64030,10154
13015,10493
4037,11375
24011,187022
119337,124157
793,4593
146413,140222
58245,15158
40345,20421
12881,20421
18834,1721
66960,10735
5288,191121
592451,79628
149262,53923
149263,53923
115174,72660
16214,10952
35694,13805
35734,13805
8858,951
998507,93394
67657,10961
83048,17097
61824,10004
35694,9760
35734,9760
2303,57276
2388,14623
1979,6478
58518,9683
10781,1957
11435,3085
6648,11700
58712,11415
47893,16084
52268,13570
1092247,130925
72005,139651
56739,196325
70703,11847
76624,145197
13524,13370
49949,74849
148498,53567
7623,10390
107395,106938
12677,848
230157,146631
237884,132712
228274,58699
13563,12545
119819,127501
110511,219572
2388,14208
10099,22536
1150,11033
15175,12526
21217,22309
81251,17111
81252,17111
17282,4241
147702,15653
81853,44251
30008,8356
9168,8818
100036,618
6201,10409
44763,10513
1105712,136403
226117,219318
90367,56590
1788,7012
575786,75624
110427,66125
53276,41556
223,45958
70890,43919
26875,20329
74112,13043
36797,13476
77295,15809
71947,14736
10099,2440
68574,198062
11401,15384
56198,8885
77177,14711
3776,4710
43786,14684
74671,13567
5140,33278
16672,10379
21958,15573
510,33914
1287732,14044
40307,14061
144536,56832
53935,8194
20779,2020
51955,7092
64194,9709
6818,501
819,4967
34481,10564
53177,20857
12648,9034
39819,21349
4081,821
3776,31522
3776,31522
3395,250
58463,9413
7908,11359
42171,17707
7775,9457
62410,10622
58712,9728
55983,14900
7908,10276
31898,25606
29433,30874
66203,26842
53177,13505
66605,10683
12453,11220
145675,52264
145676,52264
1126,1600
64877,10345
57030,10544
122186,39100
1314015,250219
91382,198287
40506,103686
33433,23512
1008366,81342
10907,81342
57854,27989
86783,70590
518,9275
78896,38843
6737,15198
120127,35554
10707,11828
7314,530
18311,16889
4818,12776
2163,1646
129879,13742
1159663,177271
42804,15917
40333,33320
13776,9306
55790,8428
23946,8677
70262,24655
57055,13121
39819,17379
143035,25538
24248,2360
1243,11030
55710,9965
17282,9696
8500,596
64114,10178
126951,164721
113610,86868
1060540,39323
74112,38277
73833,23988
1844,130747
1300,12994
12920,10804
143593,110160
4955,29702
14999,16281
30365,12651
4782,2362
7270,2251
583687,203665
12180,14092
17520,8279
13859,1623
56911,13496
78916,14752
40333,10494
11572,780
1035,6217
1927,918
26760,10618
85311,47951
9915,17339
4818,22826
1304317,259720
226615,46198
144009,84306
227392,96714
16767,73532
51445,59118
1032,262
12891,14301
22224,7839
87177,14611
35269,14611
84843,19580
74259,13193
12099,15854
1058,20312
648,10876
6495,480
42994,5375
607,31439
65428,12599
65429,12599
935267,87587
42378,5257
13015,19124
42171,10868
8844,12560
122449,250766
70100,31261
107855,31261
52405,10210
92317,199753
1099634,199753
12453,843
29605,11197
26502,2617
53177,14709
59031,246320
41029,246320
41878,246320
8020,140420
1844,53174
17016,11386
930706,84330
1294764,92499
54297,60011
437833,65218
143510,100898
140390,48392
140391,48392
139135,47607
172,63578
143593,51241
64140,38093
1243,38031
72197,40794
8246,36950
5192,4627
76171,13964
12180,15877
32535,13061
61760,9997
72024,13490
139874,12888
58766,19167
151232,18276
109640,13751
18878,10423
65994,16411
66718,16411
40243,15775
1088579,129112
81916,17473
44554,18457
24886,18457
56852,16187
4387,1958
1063900,14543
28239,12590
14911,21539
33883,9077
1243,2639
9956,662
18069,9623
54590,13203
8966,13446
42309,6917
55916,38251
24657,10264
26767,18764
26760,18764
1961,166
70055,38602
5140,15516
13563,14811
18500,13339
548666,199584
16860,1382
62116,21474
226771,50671
15488,38884
73832,51250
30458,4012
191889,178682
40230,176241
25882,176241
87160,13009
11472,14171
21737,2117
175160,20235
935753,20235
42378,13852
75910,13852
75911,13852
7908,10407
64508,11037
52268,26953
707,11933
55119,13041
3045,126797
1108200,138222
2149,165739
74192,121823
133398,83186
1031692,118677
59330,118677
2461,10502
54597,10760
58040,21610
18335,8740
1139058,50275
26850,74505
223693,85038
188897,73454
150207,81250
71276,79464
176041,69778
176042,69778
16938,50601
81437,78480
225554,77879
118639,74997
236859,63310
1167069,183836
130051,38570
1748,70703
323,65034
56209,63831
45138,63831
111699,65650
125324,54320
2176,56831
254741,75301
37627,52077
72320,46332
38692,44244
132876,39691
112019,39522
219647,36865
107395,61872
1614,26320
123132,39545
18342,23367
119194,37905
119195,37905
1884,17680
6047,13291
76418,14154
75823,13825
54229,13825
75835,13825
75836,13825
74062,12912
74924,13672
18184,13492
83588,18585
70103,13391
25735,14643
52528,7343
57607,13688
16938,13252
63689,10116
56717,14055
201,300
3289,9310
3417,7511
20718,2882
28689,2882
77177,62931
22172,2168
74159,13092
1150,9676
11472,11457
54040,14635
10723,6639
29226,16367
3722,276
37710,10077
77831,15058
78866,15859
172,2577
19684,4415
31900,10940
14089,26255
70777,21301
45996,5889
24471,15449
4387,302
56710,9026
20028,8342
16391,12524
56154,8870
52405,17187
23430,3040
35736,10757
3417,12658
58316,9429
27146,2699
9054,42196
64901,10348
5174,8012
61357,15691
28239,10547
15189,5165
18356,2054
1032,8649
9789,11335
16938,9548
102445,13554
6159,2619
1223735,17898
1650,1716
72543,12500
18179,11379
70937,11915
39138,11915
107669,31139
4415,7857
4955,16395
6648,5961
30422,27932
55119,8327
83967,255913
1293457,255913
933735,62156
4014,35791
40243,37269
18072,9805
6349,11092
12890,13931
74142,13931
45627,19904
24248,8696
21931,1450
19003,1776
19006,1776
77008,14556
116802,14859
51470,6936
52894,7548
37948,10972
6094,1557
50099,6499
52044,6499
129952,39345
37710,11015
5026,12516
18598,12516
10367,11054
10400,10269
47498,6037
57027,211387
20074,182246
19450,26617
109095,32293
6220,12689
85637,31414
5877,10133
63709,19384
115892,159037
59357,40619
27146,15613
1243,11302
12698,22345
4135,16619
23799,7916
488,11831
221944,84178
6011,10234
67925,11049
7904,20536
2303,318
61824,13519
52629,9272
18669,12715
40549,11285
1085910,127884
6592,20726
1047318,89638
74259,87440
98,128216
579280,76535
21825,75735
86783,205022
44807,5680
68381,18462
112193,69938
111686,79697
571473,50838
120127,53319
65317,31007
46076,38579
1893,43939
181870,80188
560352,41498
21569,40194
1213560,19458
240150,20083
10847,59117
10586,14831
5501,14325
54527,37534
1279523,5718
54584,9981
1057579,176983
10781,15163
56349,13689
38507,21427
112588,16070
74907,18079
40542,8440
55116,9827
12453,40751
56349,12665
57226,9305
57227,9305
10099,4550
5281,9469
57607,37702
65934,37702
107274,54113
102033,21452
275022,13850
11434,13850
3146,25364
11983,4024
11218,9410
24530,9385
57542,9385
24531,9385
57543,9385
53861,8130
13563,17443
32082,21484
18669,9838
225890,168055
143658,174733
1243,11624
5342,11364
71609,75233
118711,151743
1296119,57361
119294,102001
17386,8841
5655,6418
91610,14236
1032011,102784
55075,10092
93911,51994
17167,1968
10586,704
15521,10723
32593,10762
43222,35558
53218,32582
109426,32582
12920,11067
17016,38448
63429,19486
113500,16436
8311,8079
53671,7913
80540,16340
18356,16643
57434,10642
574149,75204
1084905,127533
10828,4961
3317,5910
145045,101179
4109,30462
12840,11384
84439,59145
131321,44737
574660,73861
144009,47218
38692,114955
1102384,97690
95024,185460
14409,7942
65377,13243
74342,13243
93047,13191
11357,1961
20382,14913
35735,4254
13615,19366
13614,19366
72496,12496
65428,10991
65429,10991
26458,10342
54971,8438
4135,293
10586,2926
25630,11034
70055,25318
108217,19933
1270,20737
80570,16520
19684,2259
64949,10380
21879,10380
206476,48748
92436,46713
139153,41592
139156,41592
57865,10722
10965,9441
72205,12435
72206,12435
930705,84327
1085923,127918
43652,61984
120930,38626
72034,135647
19224,46837
6220,57825
52049,11217
16837,22796
22353,2182
4429,1554
2034,13373
74192,149085
25645,25050
235432,171846
235430,171846
70110,244114
79964,110112
96087,110112
7767,9584
1042011,247645
33349,94363
93136,70821
144536,74135
58608,41428
112289,34335
1274996,239877
17087,22074
130128,14536
144812,15709
25236,14016
58052,14016
1239766,231474
81718,20455
81853,20455
50582,18937
834,93
58448,13997
19032,14822
1201,15592
33513,49483
56742,10295
18161,28938
80602,35688
76819,199643
76818,199643
2291,11208
1108822,138372
57895,9542
223806,139933
30058,139455
4755,65055
113373,84340
163784,84340
85048,85985
376896,113329
166999,43960
116779,159622
56405,85735
66719,62977
66718,62977
240150,83721
11401,18305
6558,482
4610,15301
488,15301
20629,15301
4600,15301
60045,15641
90048,17165
130051,80384
1028470,84858
78916,17501
74661,258086
16137,18839
64210,71157
78514,16716
10001,16085
793,29264
4967,19494
510,32085
134306,17663
74257,54293
116065,50723
119293,36800
1168914,186606
55379,14197
202,4960
548675,198677
16808,253370
62872,10075
123219,165904
35959,17350
74091,37910
57617,21835
7314,532
18738,2576
16395,16052
225987,24589
440124,26594
1961,171
63920,10372
63921,10372
5572,9079
84906,15785
12833,11363
80260,16306
582899,77941
54590,11211
935093,87368
935094,87368
3026,101731
127380,103269
98,86555
73391,26629
10230,30508
229931,37181
8311,14134
80751,16910
102033,20677
225148,56906
57617,55157
33883,26905
137422,33107
108952,31967
56851,31967
80651,31967
930221,31967
930222,31967
1311707,31967
1222157,31967
23799,38780
20307,13752
20308,13752
35771,14072
123798,40161
69987,14400
63306,13510
84110,20604
84111,20604
1172541,20604
60725,10898
7395,1792
7396,1792
50582,6439
10367,13702
54050,24940
17397,9583
8574,666
8635,992
31024,9066
95501,18148
102429,24452
607,10404
37626,11183
40508,153795
1167724,180147
135479,46221
1844,170759
57758,170759
1097098,133369
550681,66195
108536,18438
59998,13022
58656,10473
27992,28260
4786,10435
21183,2061
16853,10464
56141,8851
76230,13972
10723,12596
1176212,195423
18161,75969
46297,17908
70109,233112
26875,9669
230541,200823
2388,15028
35408,47979
3632,261
533061,157117
25598,4107
94222,168138
94220,168138
238445,56401
65994,167449
1109734,138686
81157,67884
1296175,13151
1296176,13151
88623,13151
208119,120292
9033,1619
147040,204765
87082,52015
84885,19597
116370,13655
76946,14476
132161,45077
34517,16023
15890,7183
78298,15511
76449,17478
1024391,89501
35770,4251
187,16907
58245,9707
68519,11190
43954,26264
224,9613
31073,3177
31074,3177
24346,15997
3776,8072
34920,64202
34922,64202
34921,64202
186367,64202
73499,13824
33316,9424
11511,21845
46085,10449
8500,37347
58338,9423
33433,7863
23213,2246
15106,10442
240,802
12964,14628
58712,11342
63943,10135
47020,41180
82822,18238
1012319,84111
55916,25300
11983,5544
42081,5205
42082,5205
5026,9764
1243,229297
10965,771
16808,160085
57758,160085
67259,10855
1277829,242673
1056170,112090
1056171,112090
124902,128113
17010,7281
145117,51991
1869,9503
21669,15712
17087,1779
5216,47760
71506,77462
19328,15876
44554,15097
29494,19971
81220,213015
793,626
1074547,36897
78751,19666
5216,1807
81761,13506
225009,110398
148747,79553
65994,47854
44132,80527
82939,13220
123199,91186
69719,11523
18320,1641
28898,11010
11770,2687
12453,18329
117370,14968
127787,250551
5524,94352
17268,181009
128992,230158
128991,230158
57492,104155
7929,213121
97901,86703
40243,39285
52968,21634
58797,16392
120127,231176
13294,14030
87378,185008
178486,15658
77304,191421
229482,156713
1262719,228202
45419,84317
1074666,84185
933739,86812
110828,110354
231568,67109
1144404,137409
1144405,137409
228,12509
77301,51533
43993,74945
579280,76122
83413,14612
7929,82424
44114,58508
90,20
1219210,13539
102560,40096
56739,70057
59328,59115
61357,60170
20212,59296
143315,59722
1362796,59722
1295479,77117
554289,209049
19032,21970
69830,40911
225887,50848
70212,24293
130957,44425
80207,15584
67716,18940
8568,21752
129716,39037
35694,225703
35734,225703
18710,1697
10099,5488
5602,1730
17447,9786
85340,19955
31119,3602
58483,9677
25509,9677
77921,21832
77923,21832
77926,21832
57870,9536
37630,4518
113610,39385
61824,106035
2303,655
122965,13396
67268,13396
52968,9546
18254,16248
3230,84281
88800,276935
96166,203819
17282,14943
77269,14748
90048,15575
5216,1665
96423,20871
583599,141058
11809,13962
78185,15265
84110,19105
84111,19105
80999,203793
562365,76696
1276866,241875
928915,80767
219959,20910
89766,23116
121588,75198
5844,80125
80672,13676
133398,49084
628,21036
77656,13348
120018,226936
15042,17037
2225,183
38692,22084
56851,203696
1188271,205891
1149661,167963
82304,45535
1185620,203217
127440,105210
930567,83564
125570,188183
1149217,167581
10757,191148
1173102,191148
34262,50845
224221,209410
549310,67748
1167364,184219
35968,182219
1034447,215776
131301,195300
129952,60803
116805,18147
17380,206260
45645,9057
73391,80015
588648,80015
238384,186992
223965,161545
62897,224908
102557,180371
628,12477
1077548,123235
94772,26163
69830,95919
51100,18955
49555,78215
933735,154441
71082,9364
929568,83443
989375,83443
80386,61202
127673,17358
49450,11367
40243,73108
992866,92321
114953,44269
130663,44269
229359,59429
77008,61404
145701,52274
107730,57703
76418,50479
102561,40823
227545,58235
564818,79824
936080,57627
936081,57627
119337,40171
548666,59421
84981,45556
3288,55720
239672,33806
87820,21724
89814,23044
57692,19905
187,42994
185,42994
183,42994
21684,30018
60099,22007
82418,17845
94772,26214
58053,49706
113609,35025
73282,14456
71600,13958
19224,13168
94772,26224
135754,30127
101915,28764
12453,1989
23799,2728
38692,13968
63571,15860
3026,2800
578,9726
59410,9809
58403,9656
1287732,18232
58075,75834
102560,52345
112193,37050
5192,342
5199,342
23945,33624
67589,192040
8568,34588
46802,5956
84426,19100
84425,19100
5572,3132
55420,8357
55421,8357
27436,9045
239418,174323
30099,3073
102033,28808
40549,29918
5763,427
110695,21334
7314,531
14639,30197
41029,37653
59031,37653
44990,6715
